Host,IP,RTT
google.com,173.194.221.102,0.07813405990600586
yandex.ru,77.88.44.55,0.4075489044189453
youtube.com,64.233.164.93,0.12867045402526855
facebook.com,195.49.168.22,0.011840105056762695
wikipedia.org,185.15.59.224,0.16021394729614258
amazon.com,54.239.28.85,0.16917681694030762
reddit.com,151.101.129.140,0.08217573165893555
vk.com,87.240.132.67,0.08680272102355957
pinterest.com,151.101.192.84,0.29804182052612305
ebay.com,2.16.6.12,0.0958397388458252
